,generated_caption
0,a wolf and a bear in the snow
1,a military plane and fighter jets
2,a boy riding a bike in a neighborhood
3,various keys and keychains
4,a group of people on the beach
5,a redhead woman with red hair
6,a woman cleaning the street
7,a kitchen pantry with wooden shelves and shelves
8,a rock with a red sign that says ` ` ` `
9,a skeleton holding a hourglass
10,three lions at a water hole
11,two children playing in a stream in the jungle
12,many dogs
13,a gondover in venice
14,a diver in the great barrier reef
15,a pile of almonds
16,a collection of green skin care products
17,a father and two children reading a book
18,a movie theater
19,a staircase with books on the steps
20,a group of people working in a science lab
21,a group of people in a crowd
22,a man in a cemetery
23,a scientist working in a laboratory
24,a planter
25,a woman holding a thermometer
26,a woman writing in a home office
27,a japanese woman receiving a foot massage
28,a person holding a box of reward money
29,a redhead woman with red hair and green eyes
30,a book on a table
31,a green gate in a garden
32,a woman with acidid skin
33,a door with a keyhole
34,the band of the banjo brothers by john williams
35,a man working on a laptop in a room
36,a patriotic star burst
37,a woman using a lip balknotl
38,a group of cock bugs
39,an osm and an emu in a field
40,a lizard
41,a mermaid with a fish and a castle in the background
42,two hot dogs on a wooden plate with mustard mustard sauce
43,a green diamond
44,a tree in the forest
45,a courtroom scene
46,a woman in a bathroom
47,a mummy mummy mummy mummy mummy mummy mummy mummy mummy mummy mummy mummy mummy mummy mummy
48,snowflakes on a black background
49,elephants in the wild
50,a beekeeper working on a honeycomb
51,a meeting room
52,two men in a lab
53,a pair of wren wrens
54,a group of baby ducks
55,a woman holding a camera
56,a man riding a bull
57,a person pouring a cocktail into a glass
58,a small armadia
59,a man holding a bottle of sunscreen
60,a joker face with a red and blue clown makeup
61,a person walking along a river
62,a wedding table setting
63,a pink castle in a forest
64,chocolate brownies
65,a woman holding a cup of coffee
66,a house and windmill
67,a cheese on a wooden cutting board
68,old books
69,a man speaking into a megaphone
70,a hot air balloon in the sky
71,the crowd at the dedication of the 11th anniversary of the united states
72,a box of fresh vegetables
73,a man standing in front of a camper
74,a dragon
75,a hand holding a yellow mayonnal
76,a man in his underwear
77,a couple dancing in a ballroom
78,candy candys
79,a medieval battle
80,a baby in a high chair
81,a gold brooch
82,a woman with blue eye makeup
83,two skoos in a tree
84,two birds in a cage
85,a snowman in a cup of coffee
86,a person writing on a piece of paper
87,a cute puppy dog looking out of a wooden dog house
88,a woman holding a bird in her hand
89,tools and tools used by a carpenter
90,a young man with dread dreads
91,a chamel chamel chamel chamel chamel chamel chamel cha
92,a car and a colorful car
93,a couple dressed as clowns
94,a cook in the kitchen
95,a fire in a building
96,a dragon character i created for a game
97,a slice of pumpkin cake with a scoop of vanilla ice cream on top
98,a man carrying a bag of food down a flight of stairs
99,a gnome with skulls and skulls
100,various beauty products
101,a person playing the piano
102,a bike wheel
103,chefs preparing food in a commercial kitchen
104,a young male graduate holding a diploma
105,a bird perched on a branch
106,a woman eating a plate of food
107,a couple in a boat on a lake
108,a man in a supermarket
109,a group of wild boars in the woods
110,a woman's hand holding a red ruby and diamond ring
111,a cartoon ice cream shop
112,two people walking down a road
113,a bull skull with a blue floral background
114,a mouse eating popcorn
115,a tree in front of a building
116,hazel nuts
117,a group of people in costumes
118,a starfish in a jar
119,a person holding a om om om om om om om om om om om om
120,a small cabin in the woods
121,a mother holding her baby
122,a glass of milk
123,the mars rover in the martian land
124,a baby with a paco
125,a couple playing pool at the resort at sq creek
126,a cup of coffee
127,a piggygygygygygygygygygygygygygy
128,a gargon gargon gargon gargon gargon
129,a house with a blue roof
130,a green glass vase
131,a cow and its calf
132,a large yellow dump truck
133,a woman with short hair
134,a lang lang lang lang lang lang lang lang lang lang lang lang lang lang lang
135,a clown on a swing
136,a little girl eating ice cream
137,a variety of children's clothing
138,a white car parked in a driveway
139,a mother and her daughter playing in a pond
140,a taxi car in a city
141,two gorillas playing
142,a cowboy at a table
143,people on a beach
144,a woman wearing a green necklace
145,a snowboarder on a mountain
146,a stack of was with berries and blueberries
147,a kitchen with a variety of food items
148,women holding signs in protest
149,a model wearing a grey rib knit sweater and black leather belt
150,a clock
151,a pizza pizza with pepperoni and cheese
152,the interior of a space shuttle shuttle vehicle
153,a red plaid shirt and black leather belt
154,a dragon
155,a boy and girl pulling a sler in a snowy scene
156,a bowl of noodles
157,a man fishing in a river
158,a poster for the original doos show
159,a man shooting a deer
160,a wren wren wren wren wren wren wren wren wren wren wren wren wren wren wren
161,a boy flying a kite
162,a pile of dried green tea
163,a woman playing a saxophone
164,breads on display in a bakery
165,a snail and a mushroom
166,a woman working on a piece of wood
167,a female patient receiving a leg massage
168,person in a hat and mustache
169,a pair of work gloves
170,pigs in a farm
171,a model wearing a white and purple feather headdre
172,a silver bowl
173,a black man holding a pencil
174,a bowl of red beans
175,the aquarium at the national aquarium in philadelphia
176,a group of people eating pizza
177,a church
178,a man working at his desk
179,a bird eating on a branch
180,a woman wearing a black and red caper
181,a group of people playing chess
182,a nurse holding a baby
183,a field with a tree in the background
184,a bathroom
185,a red wagon with a cow
186,a couple dancing at a wedding
187,people holding champagne flutes and holding sparkle sticks
188,a woman shopping in a supermarket
189,a tiger in the wild
190,sliced red onions on a cutting board
191,a person holding a vinyl record
192,a rabbit in the grass
193,a white plate with a black fork and knife
194,a red - winged blackbird perched on a branch
195,a rocky mma arena
196,a bull being attacked by a mata
197,tools in a workshop
198,a red crab
199,a doctor
200,a machine
201,a pizza with shrimp and basil
202,a dog sniffing a pile of bacon
203,a child playing with play dough
204,a house in the cotham area of wiltshire
205,a pizza with mozzarella and basil
206,a cityscaing scene
207,apples
208,a man holding a certificate
209,a woman smiling in front of a tapestry
210,a person in a winter outfit
211,a fantasy castle in the forest
212,"a couple in their home, looking at each other persons in the room"
213,a bartender at a bar
214,a woman flexing her muscles
215,a church
216,"a man selling fresh vegetables at a market in chiang, thailand"
217,dumbs
218,a man riding a jet skimobile on a lake
219,a woman's feet with pink and turquoise nail polish
220,a young woman sitting on the floor in her messy room
221,a woman using a laptop
222,a couple in a red convertible car with a parachute flying over the top
223,a large rock being used for construction
224,a couple walking their dog along the river in amsterdam
225,a car parked in front of a store
226,a woman and a child looking at a display of photos
227,a dentist chair in a dental room
228,a woman holding a bunch of fresh green vegetables
229,a little girl holding a pot of flowers and a bird
230,a diner room with a red and white diner table and a red and white retro
231,a woman looking at a calendar on a computer screen
232,a city at night
233,a bowl of macarone pasta
234,red and blue buttons
235,a wedding couple playing the organ in a church
236,a woman looking at the view from the top of a mountain
237,a dandel
238,a woman making a smoothie
239,a man digging on the beach
240,a bowling ball and pins in a bowling alley
241,a little girl in a blue dress and hat standing in front of a brick building
242,a pattern of battery systems
243,many perfumes
244,a man wearing a sombrel
245,a bride and groom kissing under a floral arch
246,the original west west gang by john glax
247,a red lobster on a rocky beach
248,a rodeo rodeo rider riding a white horse
249,a sailor with a telescope
250,a vintage california carriage
251,a man with a cowboy hat and a lasser holding a lasser
252,a man making a pot on a stove
253,the petrochemical industry in the united states
254,two young girls wearing pink leor leor leor leor leor leo
255,a couple sitting in a hotel lobby
256,a man sitting on the floor surrounded by bananas
257,colorful candy balls
258,a horseshoe shaped earring
259,a firefighter using a hose to exting a fire
260,people around a campfire
261,a man in a coat and hat walking through a doorway
262,a man in a pharmacy
263,person wearing the tia tia tia tia tia tia tia tia tia tia tia tia tia
264,a clown
265,three people dressed as santa and mrs claus
266,a cinnamon bun on a white plate
267,a human brain
268,a woman in a colorful dress
269,a man working on a computer
270,a dog and a crocodile
271,a jeweller working on a necklace
272,a person walking in the rain
273,a cassette player
274,a man doing a squat exercise in a gym
275,a tray of spaghetti and meatballs
276,a group of people playing darts
277,coca cans
278,a dog sitting in front of a mailbox
279,a group of people eating food
280,a poster for the film
281,a male athlete running on a track
282,a woman getting a facial massage
283,a surgeon operating a patient
284,a gardener in the garden
285,a man watching a football game on a tv
286,a pile of documents
287,"a vineyard in napa, california"
288,a soap soap being washed in a hand
289,a railroad track with a sign
290,a man in a hooded jacket walking through a graveyard
291,a restaurant with a pink wallpaper and a yellow booth with plants
292,the moon taken by nasa astronauts
293,a person using a circular saw to cut a piece of wood
294,a red and white building with a sign that says'hardware hardware hardware hardware hardware
295,a young boy petting a donkey
296,a bride in a white wedding dress
297,people on the beach
298,a skating rink
299,a lion and a lioness eating a piece of meat
300,a sunset over the rocks at the beach
301,a woman sitting at a desk writing
302,3d printers
303,a female athlete on a track
304,a sheep and a lamb in a field
305,two women in a field of flowers
306,a baby in a hospital room
307,a young man sitting on a wet street in the rain
308,a rabbit peeking out of a cardboard box
309,a smokestak
310,a baby washing in a bathroom
311,a group of al lamas
312,a display of jewelry
313,a man in a forest
314,purple and white flowers with water droplets
315,a model wearing adidas's new track suit
316,a fork fork forklift truck in a warehouse
317,coins
318,a man presenting a presentation on a large screen
319,a group of people in a field
320,a girl reading a book in her bedroom
321,legos
322,a pool in a tropical garden
323,a gi gi standing next to a tree
324,a woman screaming on a city street
325,a port
326,a woman standing on a rock overlooking a river
327,fresh red rasberries in a bowl
328,a woman sitting in the back of a car with a pile of chips
329,a logging machine cutting a large tree
330,a couple sitting in a living room
331,a woman holding a mountain lion cub
332,a cat
333,a dishwasher
334,a bowl of oats with berries and almonds
335,su su su su su su su su su su su su su su su su
336,a lumber man chops a log
337,a pool room
338,a pair of shoes and a shoebrush
339,a woman writing on a tablet
340,a little boy wearing a crown of twigs
341,a man in a suit and hat standing in front of a large oil tank
342,two women in a library
343,a bull and a bull in a bullfight
344,a golfer in a golf course
345,a woman doing laundry
346,a birthday cake with candles
347,gums and jelly worms
348,a bride and groom kissing in the church
349,a woman in a white dress
350,a young girl writing on a notebook
351,a sailboat on a lake
352,a man holding a large pile of wood
353,the cast of beauty and the beast at a tavern in disney's beauty and
354,a couple at the lighthouse
355,a girl reading a book in a forest
356,a young boy playing in the snow
357,a group of people playing pool
358,blue and white plates
359,a woman holding onions
360,a bull in a bull ring
361,a blue and white tile with peacocks
362,a lion and a man drawing
363,a person eating surii
364,a little girl looking at her dresses in a closet
365,a man riding a motorcycle
366,"person from the walking dead comic art, comic art, comic books, walking dead"
367,a chef in a kitchen
368,a person wearing a backpack
369,a green and yellow insect
370,a baby eating ice cream
371,a group of students in a locker room
372,a boxer in a boxing ring
373,a table full of toy figures
374,a red kitchen background with lots of food
375,a bagpipe player at the scottish festival
376,a man carrying a large oval barbecue
377,a woman in a sailor uniform
378,a volcano in the philippines
379,a woman running in a race
380,a little girl in a lavender field
381,a turtle swimming in the ocean
382,a woman walking along a river
383,a chicken and some vegetables
384,a swamp monster in a swamp swamp monster
385,a blue bird flying in the air
386,a farmer and his cow in front of a barn
387,a woman holding a spoole of thread
388,a man holding a fish
389,a woman's hand holding her wedding ring
390,a man standing in a warehouse surrounded by wooden pallets
391,a small dog
392,a guitar
393,a grim person holding a scr scr scr scr scr sc
394,a gymnast
395,a woman playing golf
396,a woman applying her lashes
397,two people playing tennis
398,a man riding a motorcycle down a dirt road
399,a woman holding a white orchid
400,a fire truck spraying water
401,a teacher and a student in front of a blackboard
402,a collection of women's accessories
403,a group of people sitting on a deck
404,a couple taking a picture
405,people in a subway station
406,hands holding clay
407,honeys and honey jars
408,a woman holding a plate of food
409,a man playing pool
410,a young boy dressed as a unicorn and a unicorn
411,a boy with a backpack
412,a fire exting device
413,a chef slicing a red onion
414,a sail
415,a serving of chicken enchiza
416,a truck and a truck
417,a boy looking at bugs
418,two kids on a swing
419,a pigeon in a cage
420,a white bird on a white birdhouse in a garden
421,a woman in a bathroom
422,a fountain pen
423,a man looking through a mag glass with a magnix over a pile of
424,a woman in a field of red poppies
425,a man riding a motorcycle
426,a couple eating a hamburger together
427,monkeys in a cage
428,a police officer talking to a group of people
429,a woman in a kitchen holding a mug
430,a concert hall
431,a gnome reading a book in the forest
432,a woman sitting in a chair in a room with a yellow and black theme
433,a person holding a cup of coffee
434,a person decor cupcakes
435,a pantry drawer
436,a tug boat
437,people playing tennis in a park
438,a man in a military uniform holding a medal
439,the library at the old library in london
440,a man in a canoe in a swamp
441,blueberries on a wooden cutting board
442,a couple dancing in a living room
443,a pig in a cage
444,a white wolf with orange eyes and a bloody face
445,a woman holding a spering sp
446,a girl in a hoodie
447,a woman holding a bible
448,a person holding a pencil and taking a picture
449,a girl sitting on a rock by a river
450,a couple in a hot air balloon flying over a mountain landscape
451,a poo dog surrounded by pink flowers
452,a blue skull with a blue jewel in the middle
453,a jar of honey and a honey dipper
454,a green metallic bug
455,a man eating olives in a kitchen
456,a woman in a mustard mustard mustard mustard mustard mustard mustard mustard mustard mustard mustard mustard
457,a person in a clown costume
458,a man wearing a face mask
459,mushrooms in the forest
460,a woman with long hair
461,a chimpan monkey
462,tea kettles and smiley faces
463,people in a lobby
464,a seamless background of slices of fruit
465,a panda bear in a bamboo forest
466,a cashier at a cash counter
467,a girl in a pink dress walking through a bedroom
468,a man playing a trombone
469,a woman in a kitchen
470,a mother reading to her children
471,a temple in the forest
472,a pink cherry tree in full bloom
473,a blue bird perched on a branch
474,a spaceship flying over a planet
475,a person and a bear in a forest
476,a woman sitting on a suitcase
477,a dragonfly on a stick
478,christmas stocking and stockings
479,a redhead woman with a pen
480,a seam of pizzas
481,a person grabbing a taco taco taco taco taco taco
482,a pair of scissors on a pile of money
483,a person using a tablet
484,a wooden door in dublin
485,a basketball player
486,people in a field
487,a ham ham ham ham ham ham ham ham ham ham ham ham ham ham ham
488,beavers in a river
489,an elephant
490,a woman in a fish bowl
491,a wooden sign with arrows pointing to different destinations
492,a woman mixing chocolate in a bowl
493,a closet full of clothes
494,a gi with a cage
495,a group of knights riding horses
496,a woman in a field of red pop flowers
497,a clay sculpture of a flower arrangement
498,a fat man in a bathroom
499,a tuna and a fish in the ocean
500,a clown
501,"a movie poster for the film'robert's return ', starring actor robert"
502,an astronaut on the moon
503,a woman holding a plate
504,a todd playing with a fire truck
505,an astronaut in outer space
506,some tools
507,a row of shoes in a locker
508,two women walking on a wooden bridge
509,a drum set
510,"the courtyard of the old town of sila, croatia"
511,a group of children and their pets
512,people playing in the snow
513,a man playing a ukuleke
514,tools
515,chicken wings with a side of sauce and lemons
516,a girl holding a baseball bat
517,a cyclist on a road
518,two people riding horses in the desert
519,two penguins on an iceberg
520,a pair of ice skates
521,a little girl sitting on the floor in front of a blackboard
522,a couple in a bedroom
523,a lynx
524,a tug boat in the water
525,a closet full of shoes
526,insects
527,a man in a dressing room
528,a woman in a black turtle neck sweater and black leather skirt
529,a baby in a crib
530,a couple in a pool
531,a couple cooking in the kitchen
532,a puppet performance at the puppet festival
533,a woman wearing a red top and jeans
534,a group of people posing for a photo at the top of a mountain in vietnam
535,a person reaching a tree
536,a set of four chinese imbas plates
537,a horse and carriage in a field
538,a metal tool
539,a woman holding a gun
540,a skull with beer
541,"a woman wearing a traditional outfit in the old city of buling, pakistan"
542,two people in the snow
543,a man with a tattoo on his back
544,person holding her gold medal
545,a man playing guitar on the beach
546,a woman in a lavender field
547,a wedding cake
548,a young boy wearing a hat
549,strike logo
550,a fountain pen and a pencil
551,the city of london
552,a person taking a photo of a forest
553,a house plan
554,a woman looking out a window
555,a pink cake with roses on top
556,a man playing a guitar
557,a man speaking into a megaphone in a crowd
558,people enjoying a fun ride on a roller coaster at the seaside amusement
559,a woman holding a coffee cup
560,three women in traditional korean dress in front of a temple
561,drinks and drinks on a tray
562,a man talking to a reporter
563,a woman cutting leton
564,a female wearing a green helmet
565,a boy riding a bike
566,a pink birthday cake with candles
567,a cute gnome with a fish
568,a person sitting on a bench in a hospital
569,a woman getting her teeth examined by a dentist
570,a person holding a cup of coffee and muffins
571,a peacock
572,a woman pouring wine
573,a woman picking olives from a tree
574,"a pine, orange and pine fruit"
575,a woman holding a book and looking at a mag glass
576,a ship in the ocean
577,a snow leopard in the grass
578,a little girl eating food
579,a woman's eye
580,kitchen uts and uts
581,a room filled with boxes
582,a bride and groom at their wedding in the mountains of the pacific northwest
583,bees and honeys in a beehive
584,many cats
585,a woman pushing a baby in a strolling strolling in the city stock illustration
586,a little girl wearing a cowboy outfit and holding a gun
587,a woman working on a sewing machine
588,an astronaut in space
589,a concrete mixer
590,bamboo trees in a forest
591,a pearl in a shell
592,a little boy skiing down a snowy hill
593,a group of people having a picnic
594,an old man and an owl
595,a woman working on a jewellery
596,a stack of pancakes with syrup syrup being poured onto
597,a large metal door
598,a man playing the bagpipe in a scottish wedding ceremony
599,a man using a chainsaw
600,a dam
601,a woman wearing black tights and high heels
602,a waterfall in the jungle
603,the planets in the solar system
604,a tall ship in the ocean
605,pink slippers
606,a group of people playing chess in a pub
607,a jar of salsa verde with a wooden spoon
608,a firefighter
609,a little girl in a gym
610,a penguin on an iceberg
611,a police officer
612,a pile of wooden pallets
613,a lion
614,a hand holding a green grenade
615,two girls riding bikes on a dirt road
616,a woman riding a bike down a road
617,roller skates
618,bees on a honeycomb
619,a young girl riding a roller coaster at a theme park
620,a man using a cord cord cord cord cord cord cord cord cord cord cord cord
621,a woman painting
622,a black cat sitting on a window sing
623,"the battle of waterloo, fought by the french army in the battle of waterloo was"
624,a woman carrying a baby in a baby carrier
625,a man speaking into a megaphone in front of a crowd of people
626,a mother and her baby in a cribt
627,nuts in a pan
628,a tattoo design by person
629,a dog wearing a white shirt and black sunglasses
630,a bowl of blueberry cheer cereal
631,a woman wearing a red blouse and black leggings
632,a gorilla mascot
633,a man and a cat on a couch
634,a man in a suit and tie
635,two students playing in the schoolyard
636,a person squeezing lemons into a plate
637,a pink truck parked in a driveway
638,a collection of vintage items
639,a little girl doing a dance move
640,"a collection of items including a purse, watch, and other items"
641,a woman sweeping the floor
642,a red pear on a spider web
643,a glass of red wine
644,a woman riding a horse
645,a painting studio
646,a woman holding a spoon with a chocolate dessert in it
647,a female boxer
648,a woman playing ro ro ro ro ro ro ro ro ro ro ro ro ro
649,a pair of golden boots
650,a patient performing a procedure
651,a couple eating ice creams in a street in the city
652,a wine glass with a cork
653,a prisoner in a jail cell
654,hot chocolates and candys
655,a home audio system
656,a woman sitting on a blanket with a dog and picnic basket
657,a saint holding a bible
658,a little girl holding a goldfish
659,a window box filled with flowers
660,a blue jewel jewel with a gold chain around it
661,a pearl in a shell
662,a man in a fish bowl
663,an ossovain bird
664,a cactus
665,a pair of shoes
666,a basketball player
667,a tuna
668,a pink bunny and two white rabbits on a pink wooden bench in a forest
669,a man sitting in a chair holding a remote control device
670,a bull and a mata mata
671,two dolls
672,a pot of soup on a wooden table
673,pink orchids with a gold background
674,a group of friends having a picnic in a park
675,a man in a laundry room
676,a fat man eating chips
677,"a blue tang tangin fish in the great barrier reef, belize"
678,a man writing
679,a baseball player wearing a glove
680,wooden dows
681,a pile of papers
682,a woman cleaning a house
683,a stack of pancakes with syrup syrup and whipped cream
684,a woman running on the beach at sunset
685,a man in a white suit and sunglasses holding a martini while looking at a map
686,"a man in a white coat and a red hat, holding a glass of water"
687,a woman doing a handstant yoga pose
688,people parading in the sky
689,a cute little girl with a cupcake
690,a koalaa koalaa koalaa koalaa koalaa
691,an elephant playing the violin in the jungle
692,a man doing a trick on a skateboard
693,a scientist working in a laboratory
694,a koloa and a bird
695,a dog in a street
696,a woman in a lab
697,a plane flying over a field
698,a man and his dog on the rocks at the beach
699,rafting in the river
700,a woman standing next to a duck
701,a woman working out in a gym
702,a woman applying a red lipstick
703,a bowl of mas mas mas mas mas mas mas mas mas mas mas mas mas
704,a woman with long hair and a black and white background
705,a fighter jet on the runway
706,a white bird perched on a branch
707,a surfer carrying his surfboard on the beach
708,a tractor spraying pest on a field
709,a truck full of garbage
710,a bike with a sign on the front
711,a woman in a bikini and a variety of food
712,a couple cooking in a kitchen
713,the interior of a red ferrari
714,a building
715,a red and blue hove hove hoveing
716,a black door in a dark room
717,a snake
718,a group of clowns with a rainbow colored balloon
719,two girls playing in the surf
720,a little girl in a pink tutue dress holding a pink ballerina
721,a whiteboard with a blackboard on it
722,a beaver
723,a large auditorium with a large audience
724,a little girl with an umbrella
725,a man sitting in a prison cell
726,a wheat field with the word real
727,a kids playing in a room
728,a man in a cowboy hat walking through the desert
729,a woman doing yoga on a blue inflatable mat
730,limes
731,a woman doing yoga
732,two female scientists working in a laboratory
733,a printer
734,a chef slicing a steak on a wooden cutting board
735,a man shooting a target
736,a painting of a woman in a green dress
737,a boat docked in a harbor
738,the destruction of the building
739,a woman in a makeup studio
740,a dog on a ladder
741,a seashell on the beach
742,a koalaa koalaa koalaa koalaa koalaa
743,a white tuxed tuxed tuxed tuxed tuxed tuxed tuxed
744,a flag on a pole in front of a building
745,a sunflower field with a tree in the background
746,a cello player
747,two people in a raft on the river
748,a woman in a field of dandels
749,a vase of flowers
750,people sorting garbage in the mountains
751,a group of people with luggage
752,a scientist working in a laboratory
753,tools in a tool box
754,a bunch of grapes on a vine
755,a dog in a corn field
756,a smiling woman holding a coffee cup
757,a woman sitting on a pile of pillows
758,a father holding his baby
759,a man flying in a sky
760,a blender on a kitchen counter
761,a woman bowling in a bowling alley
762,a blue and white tea cup and saucer
763,a large oak tree in a field
764,a woman holding a prescription bottle in a pharmacy pharmacy illustration
765,a tall ship in the harbor
766,a bald eagle
767,a man in a wheelchair
768,a scientist working in a laboratory
769,a man in a hard hat and glasses holding a blueprint
770,a man in a field
771,a little girl holding a yellow duck
772,a bowl of mas mas mas mas mas mas mas mas mas mas mas mas mas
773,a man in a bathroom
774,a little girl wearing a pink tutue
775,a cat drinking tea
776,a man in a jail
777,a young girl playing the violin
778,a young man on a skateboard
779,a barbecue grill with steaks on it
780,a cute pig in a pink tutu
781,a young boy standing next to a tree in the park
782,a man holding a plate of food
783,a young man eating a burger in a fast food restaurant
784,a pot of chili soup
785,a vintage poster
786,a family on the beach
787,a pig on a grill
788,a handful of sunflower seeds
789,a crowd of people in a field
790,a woman sitting on a couch wearing a white shirt and blue jeans
791,copper wire
792,a man in a kilt
793,a man taking a photo
794,a man getting his teeth examined by a woman
795,sunflowers
796,a man chopping a tree stump
797,a man holding a turkey in a kitchen
798,a vase of red tuliplips
799,limes and limes
800,bowling alley sign on a wooden fence
801,a chef putting a piece of cake into a oven
802,tools and tools
803,a woman in a field of corn
804,a skull in a cage
805,people sitting at a patio table
806,a boat in the water
807,various items on a table
808,a woman showing a thumbs up in front of a wall of jewelry
809,a group of children walking down a cobb road
810,a red bird perched on a tree branch
811,a man in a turbal
812,a fork and knife
813,the white house
814,a man holding a fishing net
815,a worker working on a coil
816,a crowd of people in a large auditorium
817,a nurse and a patient
818,ducks in a pond
819,bells hanging from a tree
820,a bouquet of pink and white tulips
821,potatoes and potatoes
822,a man and woman at an airport
823,a white bird perched on a wooden fence
824,a kitchen sink
825,a woman painting on the beach
826,a cannon being fired by a man
827,a bowling ball hitting a bowling ball
828,a woman sitting among a pile of garbage
829,three children playing in a field
830,a pile of rubble
831,a bunch of bells hanging from a ceiling
832,a man holding a bottle of beer and a gun
833,a rock
834,a field of dandels
835,a bowl of pasta with a spoon full of pasta
836,a young girl in front of a graffiti wall
837,a man working on a machine
838,a couple at a bar
839,people sitting on rocks at sunset on the shore of lake superior
840,a plate of pasta with a fork
841,a man playing tennis
842,many beetles in a pile of brown rice
843,a lime on a white plate
844,two men playing darts in a room
845,a man looking at a shirt
846,a man playing video games in a casino
847,a loaf baking in the oven
848,a pearl bracelet
849,two people flying on a beach
850,a bowl of spaghetti with tomato sauce
851,a young man wearing a black beret
852,a smiling woman holding a small yellow chick
853,a woman with a tree in the background
854,a man with a mustache and a beard holding a bottle of alcohol
855,a kitchen in a home
856,a woman wearing red slippers with pomp
857,a surfer doing a handstant on a surfboard
858,a theatre
859,a family enjoying a meal together
860,a lion on a rock
861,a scientist doing a chemical experiment
862,a woman working in a laboratory
863,a person doing a trick on a bike
864,a bed in a room at the person's house in jaipur
865,a bowl of chili soup
866,a bar in a restaurant
867,a game room
868,a space shuttle on a runway
869,a couple enjoying a romantic dinner in a restaurant
870,a woman's feet wearing pink socks
871,the ship's design
872,a boy in a forest
873,a woman in a yellow dress and hat walking through a field of corn
874,a woman's lips with a pair of scissors
875,a seashell on a beach
876,a woman sitting on the beach
877,a bird perched on a tree branch
878,a chef cutting meat
879,a vintage car
880,a mermaid mermaid mermaid mermaid mermaid mermaid mermaid mermaid mermaid mermaid mermaid mermaid mermaid mermaid mermaid
881,a man fishing on the beach
882,a shovel and shovel in the dirt
883,red tulips
884,the front of the building
885,a woman applying her makeup
886,a restaurant sign in a city
887,a woman laying on a mattress
888,a man shoveling a field
889,a man in a blue suit sitting in a red chair
890,a tree branch with a bird on it
891,a tree stump with a green leaf in the center
892,a cute bunny
893,the eiffiffiffiffiffiffiffiffiffiffiffiffiffiff
894,a workbench with tools
895,cupcakes and strawberries
896,a flock of birds in a field
897,a woman hanging a shirt on a rack
898,a large ship in the water
899,a couple walking through a pumpkin patch
900,"a cobb street in downtown, seattle"
901,a man standing in front of a blackboard with graffiti written on it
902,a beaver in a beaver pond
903,a bartender at a bar
904,a plane spraying pest on a field
905,a man in a white turbal
906,pigs on a grill
907,a doctor and a patient
908,a chef preparing food
909,a man holding a large sawtoothing tool
910,copper moscow moscow mugs
911,kids playing in the ocean
912,a man in a hard hat and overalls holding a piece of paper in front
913,an airplane taking off from an airport
914,a soldier with a gun
915,cactus plants
916,shoes and debris
917,a cat in a tree
918,a piece of pie on a plate
919,a snake
920,a group of people eating at a picnic table
921,a woman holding a rifle in a field
922,construction workers
923,a woman wearing a variety of rings
924,a group of people with luggage bags
925,a snake and a man
926,a variety of chili soups
927,a tea cup on a table in front of a house
928,a man preparing a turkey for thanksgiving
929,a woman wearing a yellow beaded bracelet
930,a boy and a horse
931,a woman's feet wearing white sneakers and a cup of coffee
932,a man in a tuk
933,a woman with a nose piercing
934,a hand giving a thumbs
935,a man in a kilt in the scottish highlands
936,a woman carrying a baby
937,freshly baked bread rolls in a baking pan
938,a pile of penn penn
939,the arcade arcade in the new york museum
940,a woman in a blue hat and white dress
941,a woman taking a bath
942,a teapot in a garden
943,a silver teapot
944,the new bar at the new disney springs resort
945,the crew of the ship naiwa
946,a man walking with a baby in a strolling stroll on the beach
947,a scientist in a lab
948,binoculars in the grass
949,old postcards
950,a steering on a boat
951,a man in a robe standing in front of a fireplace
952,a robot with a dove in its hand
953,a bird
954,a mother and her baby in a bath
955,a chocolate pudding with strawberries and a spoon of strawberries
956,a man sitting on a toilet in a bathroom
957,a cash machine with money in it
958,a cowboy lassing a horse
959,a pair of hiking boots
960,a ball of yarn
961,a princess in a pink dress
962,a container ship
963,friends enjoying a beer at a pub
964,a woman holding a glass of orange juice
965,a strawberry on a pink background
966,a woman holding a pink cocktail
967,a man working in a garden
968,a group of dancers in a field
969,colorful candy candys
970,a woman walking on a beach
971,a bronze sculpture of a woman with afro hairs
972,squirrels
973,a group of sea lions in a zoo
974,pears and apples
975,a man in a suit smoking a cigarette
976,a man chopping a tree
977,a man chopping a fire in the woods
978,men drinking champagne
979,a man with a mustache and a hat
980,a table with a variety of dishes
981,a person in a red cloak with a white beard and a long white beard
982,a man with a mustache and a bike
983,a man walking down the street
984,a dog in a kitchen
985,a woman in a restaurant menu design
986,a woman holding a pile of yarn
987,a woman riding a horse in a field
988,a container ship and a ship in the ocean
989,a man holding a carrot and a carrot
990,a group of people enjoying a meal
991,a cute bunny holding a carrot
992,a statue of a young boy playing a flute
993,coffee and appliances
994,a red planet
995,a man drinking a beer
996,a man in a green uniform writing on a whiteboard
997,a key
998,"the uss enterprise from star trek, a star trek enterprise in the original star trek"
999,a beautiful woman with long curly hair
1000,a woman with afro hair
1001,a frog
1002,a red and white lighthouse on a foggy island
1003,a boy and a man standing on a cardboard box
1004,a man sitting in a chair with a phone
1005,a white bird flying in the sky
1006,ships in the fog
1007,a woman in a bathing suit playing a slot machine
1008,a man sitting in front of a herd of pigs
1009,a couple eating dinner in a restaurant
1010,a woman wearing a face mask and holding a cake
1011,a woman and a fox in a field of flowers
1012,a truck with a red cover
1013,a woman sitting at a table in a restaurant
1014,a hand holding a red lolly
1015,a red fox running in the snow
1016,a woman walking across a rope in a field
1017,"a pink shirt, denim shorts and cowboy boots"
1018,ginger gingers
1019,clothes hanging on a clothesline
1020,a toothbrush and toothpass
1021,a gymnastics facility
1022,a man with an afro hairs
1023,a crowd of people
1024,a black man with a suit and tie
1025,a man and his dog in the snow
1026,pills
1027,a glass of water with ice and a lime
1028,a group of dancers in a large room
1029,a snowy owl
1030,a group of sea lions
1031,a cute bunny surrounded by carrots
1032,a ghost in a kitchen
1033,a wedding cake
1034,a volcano exploding in the sky
1035,a basketball player
1036,a dancer performing in front of a crowd
1037,many colorful pills
1038,person and person in the desert
1039,a set of silverware
1040,a crane
1041,a person holding a bag of snacks
1042,a white tiger cub
1043,binoculars on a wooden background
1044,a couple reading in a library
1045,a group of people standing in front of a tent
1046,a tiger and her cub
1047,a woman holding a lo candy lo candy lo candy lo candy lo candy lo lo
1048,a white cat in a field
1049,a sand castle on a beach
1050,a restaurant scene
1051,a machine used for the production of the paper
1052,a glass of lemon mint iced water
1053,a man sitting on a pile of logs
1054,a man wearing a blue jumpsuit suit and holding a drone with a smartphone
1055,binoculars on a rock in the mountains
1056,a man holding a pint in a pub
1057,a man using a laptop
1058,a woman getting a massage
1059,kitchen appliances
1060,a group of men playing a game of darts in a pub
1061,a man with a mustache
1062,a set of silverware
1063,two old radios
1064,a planet with a ring of fire in the sky
1065,a girl sitting on a toilet reading a book
1066,a campfire in the woods
1067,strawberries and strawberries on a green hillside
1068,a person holding a glass of iced drink
1069,a toothpasre with blue paint
1070,a haunted house in the fog
1071,a little girl in a pumpkin carriage
1072,a mouse and a pear
1073,a woman and a horse
1074,a robotic hand
1075,a shirt hanging on a clothes hanger
1076,a man reading a book
1077,a typewriter
1078,a horse and carriage outside a barn
1079,a woman wearing a white sports bra top and black shorts
1080,a pig riding a bike
1081,logs
1082,a group of women in red and white dresses
1083,a woman with a pink afro
1084,a cafe menu
1085,a couple riding in a horse drawn carriage
1086,clothes hanging on a clothes line
1087,a woman on a tight line in a city
1088,a blue and white building in lisbon
1089,a girl riding a horse
1090,a couple kissing in a pumpkin field
1091,a grandfather and his grandson
1092,a sand castle on the beach
1093,a horse
1094,a woman drinking a glass of water in a pool
1095,a man reading a newspaper on a toilet
1096,a truck
1097,"a beautiful red riding hood by artist illustrator illustrator, sarah smith"
1098,a man playing a game of chess
1099,a woman looking at a drawer
1100,a man in a cave with a flashlight
1101,a light bulb over a book
1102,a fox and a fox cub walking down a street in a small town
1103,a bride and groom riding in a horse drawn carriage
1104,a glass of orange juice
1105,colorful stones
1106,a horse drawn carriage
1107,a red squirrel feeding a squirrel
1108,a black bag filled with snacks
1109,an old television
1110,a large collection of colorful marble tiles
1111,a woman sitting on a toilet in a bathroom
1112,a black man in a tuxed suit
1113,a snowboard
1114,a man shoveling a shovel in front of a house
1115,a woman in a spa
1116,a house covered in moss
1117,ties
1118,a lion in the wild
1119,a book
1120,a man pushing a wheelbarrow
1121,a stone bridge in the woods
1122,cheese and grapes on a cutting board
1123,an older couple standing next to a large tree
1124,a female basketball player
1125,a tube of toothpass
1126,a kangaroo
1127,sea shells
1128,a panda in a cage
1129,a lion cub in a cave
1130,a man jumping over a rope
1131,a lion
1132,a stack of stones on a pebble beach
1133,a glass of ice
1134,a variety of cute animal faces
1135,kids playing in the sand
1136,a man working on a beach
1137,a woman with a bird on her shoulder
1138,a young boy on a swing
1139,a drink with a red and yellow striped straw
1140,a woman doing aerial aerial aerial aerial aerial aerial aerial aerial aerial aerial aerial aerial aerial
1141,a british airways plane in a hangar
1142,the production line at the new york manufacturing facility
1143,a family enjoying a meal together
1144,a lion and her cub
1145,a man playing a flute
1146,two ballerinas in a ballet pose
1147,oranges and a hand holding a glass of orange juice
1148,a beautiful princess
1149,a penguin and a penguin surfing on a surfboard
1150,a pine cone on a christmas tree
1151,a man riding a horse
1152,a man sitting on a chair in a living room
1153,a red and white striped sculpture
1154,a person wearing a red hoodie
1155,a pair of boots hanging on a rope
1156,a girl wearing a winter hat looking up at the stars
1157,kitchen uts and pots
1158,a tree house in the forest
1159,a person mixing ingredients in a pot
1160,a person playing a video game
1161,a man and woman at a table
1162,a clock
1163,a restaurant interior
1164,a man holding a llama llama
1165,a construction worker working on a building
1166,a man in a library
1167,a red and blue flag in a field
1168,a book
1169,a group of people enjoying a meal in a restaurant
1170,pumpkins in a field
1171,a woman wearing a pink knit hat
1172,a person in a hooded coat holding a magic wand
1173,a boy playing a video game
1174,a dining room with a blue and white floor
1175,colorful tiles
1176,a wolf running with a carrot in its mouth
1177,a man playing a video game with a controller
1178,a group of pears
1179,a woman holding a bottle of vitamin supplements
1180,a white cake with sprinngs
1181,"a cute squirrel girl riding a squirrel squirrel, cute squirrel, cute animals, cute"
1182,a table setting
1183,a pine cone on a pine tree
1184,gold cutlers
1185,penguins and penguins in antarctica
1186,a worker at a construction site
1187,an astronaut on the surface of the planet mars
1188,"a man sitting on a wooden floor in a dark, industrial area with a flashlight"
1189,two people on a beach with a surfboard
1190,a kitchen with a stove and a sink
1191,a television set on a shelf
1192,a padlock on a brick wall
1193,a man sweeping the sidewalk in front of a building
1194,a woman riding a horse
1195,a dragon
1196,a woman holding an axe
1197,two kangaroos
1198,a hand holding a bottle of green juice
1199,a woman wearing a white jacket and orange scarf
1200,a ju ju ju ju ju ju ju ju ju ju ju ju ju ju ju
1201,a woman in a kitchen
1202,a squirrel eating on a branch
1203,a princess in a blue dress and crown
1204,a saddle
1205,a radio
1206,a person walking in a large building
1207,a castle like building
1208,a pair of black leather boots
1209,a woman holding a green jewell
1210,a person holding a syil in the sky
1211,a bride sitting on a throne in the grand ballroom at the breakers wedding venue
1212,a woman eating noodles
1213,coins
1214,a hedgehog
1215,seaguls flying in the sunset
1216,a woman wearing a fur vest and holding shopping bags
1217,a group of ants on a leaf
1218,a pair of silver high heel shoes
1219,a red and black abstract mosaic pattern
1220,a woman taking a shower
1221,a group of women doing yoga
1222,hedges
1223,elvis presley by artist mark mc
1224,a person using a green liquid bottle to make a diy
1225,a jazz musician
1226,a man walking on a hill
1227,a blender with a blender attachment
1228,the interior of a mall
1229,students in the atrium of the new school
1230,a woman running on a treadmill
1231,a stainless pot
1232,a woman walking down a hallway
1233,a wooden box
1234,a desk with a typewriter and flowers
1235,a man holding a glowing green bracelet
1236,a woman wearing purple high heels
1237,the game's main locations
1238,a variety of pastries of pastries on a cooling rack
1239,a group of people waiting in line
1240,a man in a yellow raincoat
1241,a drummer playing drums
1242,toasters and toasters
1243,a toaster
1244,a person cutting paper
1245,a woman playing a trumpet
1246,people waiting at an airport
1247,a scuba instructor in a pool
1248,a group of young women dancing in a field
1249,a seamless skeleton pattern
1250,a luxurious living room
1251,a queen sitting on a throne
1252,a princess reading a book
1253,an ant ant ant ant ant ant ant ant ant ant ant ant ant ant ant
1254,a man working at a desk
1255,a harp player playing in a wedding ceremony
1256,a market in india
1257,two men working in a workshop
1258,a clown fish in the great barrier reef
1259,tools
1260,a person writing on a piece of paper
1261,a bakery shelf full of different types of baked food
1262,a pair of white sneakers and a plant
1263,a coffee maker on a kitchen counter
1264,a young boy wearing a hat and scarf
1265,a woman walking in the rain with an umbrella
1266,a lighthouse surrounded by seaguls
1267,gums
1268,a woman in a wetsuit on a boat
1269,a woman reading a magazine on a patio
1270,a person riding a horse with a sword in the background
1271,a man holding a large knife in front of a wall
1272,a man standing in a pile of garbage
1273,a man reading a book in a room
1274,cables
1275,a woman painting a white vase
1276,various types of donuts
1277,"a street in the old town of li li, li li li, li li"
1278,many colorful gems
1279,a woman carrying a basket of fruit
1280,a red ant ant ant ant ant ant ant ant ant ant ant ant ant ant
1281,a woman wearing a pine pine crop top and a tropical print skirt
1282,a woman working in a attic
1283,a young boy jumping on a tram tram tram tram tram tram tram tram tram tram
1284,a large office with many people working
1285,a skeleton with wings
1286,a bucket of sodas
1287,a woman riding a horse
1288,a drummer playing the drums
1289,a car being worked on
1290,a man with a mustache
1291,a pair of orange sneakers
1292,a red ant ant ant ant ant ant ant ant ant ant ant ant ant ant
1293,a woman driving a car in the street
1294,a man working on a computer
1295,a couple eating doughs at a cafe
1296,scissors on a red fabric
1297,a bowl of chicken noodle soup
1298,a woman sitting on the steps of a house using her phone
1299,pigeons on a window ledge
1300,a man riding a bike
1301,a little girl playing with a hu hu hus
1302,a man in a gas mask holding a burning flame
1303,a police officer on the street
1304,a fountain in the courtyard of a spanish revival home
1305,a woman working in a workshop
1306,police officers on the street
1307,a pair of glasses
1308,a gymnast
1309,a man in a suit and red mask playing a saxophone
1310,a man drinking a cup of coffee
1311,a ball of colorful crystals
1312,a man cutting a tree
1313,a woman running on a treadmill
1314,a vintage radio
1315,a man cutting a tree with a chainsaw
1316,a bakery display case filled with various types of pastries
1317,two women in a dressing room
1318,a blank card hanging on a tree
1319,a boat and a boat in the water
1320,a young boy playing with a hu huor
1321,seaguls flying in the sky
1322,a man in a bathroom wearing a hoodedie
1323,a woman painting
1324,a dining room with a large dining table and chairs
1325,a blue bracelet
1326,a woman holding a bowl of spaghetti
1327,a pile of coins
1328,a person standing on a mountain top
1329,a man playing a trumpet
1330,a welder working on a piece of metal
1331,a man standing next to a trash can
1332,a power pole with wires
1333,boxes on a staircase
1334,a hand squeezing a yellow liquid into a blender
1335,a pair of scissors
1336,a collection of vintage and vintage jewellery
1337,a skull drinking a cup of coffee
1338,a little boy looking at a wardrobe
1339,jewellery
1340,a woman sitting on a window ledge
1341,a hat and sunglasses
1342,a boxer in a boxing ring
1343,a couple standing on the steps of the philadelphia museum of art
1344,a castle
1345,a woman wearing a red dress and high heels
1346,a black railing
1347,an old typewriter
1348,a beekeeper in a field of flowers
1349,a man in a suit and tie
1350,a crowd of people waiting for a bus
1351,a boy playing on a tram tram tram tram tram tram tram tram tram tram tram
1352,a young man doing a trick on a skateboard
1353,a man standing on a balcony looking out at the sunset
1354,a man sitting on a bench in a courtyard
1355,a lizard tattoo on a wrist
1356,a man walking down a long corridor
1357,a hedge
1358,a black and white bathroom
1359,a beekeeper in a bee farm
1360,a beekeeper working on a hive
1361,gingers and gingers
1362,a man reading a newspaper at the airport
1363,paint brushes and paintbrushs
1364,a checkered black and white checkered background
1365,a man in a spacesuit
1366,a pair of scissors on a pink fabric
1367,a copper torch
1368,a person eating a donut
1369,a woman playing with a hu husaw on the beach
1370,a bird on a pair of scissors
1371,someone cutting fabric
1372,a watch on a piece of paper
1373,a knight on a throne
1374,a woman holding a chandel
1375,a christmas tree made of money
1376,two women on treadmill treadmill treadmill treadmill treadmill treadmill tread
1377,a dog in a room
1378,a man standing in a room
1379,a woman selling vegetables at a market
1380,a plate of spaghetti with tomatoes and basil
1381,a monkey playing drums
1382,"colorful spices in marabaabaa, marabaa, colombia"
1383,a woman sitting on a throne in a room
1384,a couple eating breakfast together
1385,the crowd at the london airport
1386,a mother playing with her baby
1387,a colorful quilt
1388,a bowl of noodles and vegetables
1389,a group of people playing darts in a pub
1390,a pair of scissors on a piece of fabric
1391,a woman doing a tram tram tram tram tram tram tram tram tram tram tram tram
1392,a man standing on a bridge in the mountains
1393,a pair of blue sneakers with pink bows
1394,a woman laying on the beach
1395,a young boy playing a trumpet
1396,newspapers
1397,a young woman doing a trick on a skateboard
1398,a jar of homemade tomato sauce with a wooden spoon
1399,a golden harp and a musical instrument
1400,a pair of glasses with a heart shaped frame
1401,gold coins
1402,glasses
1403,a market in india
1404,people waiting outside a store
1405,a woman holding a blanket
1406,a bull in a rodeo
1407,a llama llama llama llama llama llama llama ll
1408,people playing darts in a pub
1409,a bearded man drinking coffee
1410,a white cat
1411,a pair of sunglasses
1412,a young man doing a trick on a skateboard
1413,a young man in a mirror brushing his hair
1414,a person walking down a long hallway
1415,a hedge
1416,a man doing a handstant on a gymnastics mat
1417,a group of people doing yoga on the beach
1418,a black ant ant ant ant ant ant ant ant ant ant ant ant ant ant
1419,a man on the beach
1420,a group of people hiking in the snow
1421,a mother and child in a yellow raincoat
1422,a pizza in a box
1423,a tray of food
1424,a christmas ornament
1425,a man playing a trumpet in front of a cityscaing background
1426,a collection of men's accessories
1427,a beekeeper inspecting a hive
1428,a person riding a bike on a bridge
1429,"a woman selling flowers at a market in the old town of khaza,"
1430,a white tube of lip balknotn lip balknotn lip bal
1431,a woman reading a magazine
1432,a woman taking a shower
1433,a senior man eating pasta
1434,a wardrobe
1435,a stove with a glass lid
1436,a group of people in a courtyard
1437,a person cutting a pair of scissors
1438,a man riding a bike in a park
1439,a woman raising her fist
1440,a table with a green and white pattern
1441,a collection of items and accessories
1442,a woman enjoying the view of the city of taipei at sunset
1443,a person riding a bike on a city street
1444,a tree removal in the woodlands
1445,a village in the balkans region
1446,a fish in a bowl of noodles
1447,cyclists on a busy street
1448,a market in india
1449,the escalate escalate in the new building
1450,a woman playing a harp
1451,a blender and fruit
1452,a bird on a person's hand
1453,a pair of shoes
1454,a hairdre and scissors
1455,a person holding a pastry
1456,the brooklyn nets game at madison arena
1457,a diver in the great barrier reef
1458,a girl jumping on a tram tram tram tram tram tram tram tram tram tram tram
1459,a small house in the suburbs of vancouver
1460,a man in a shopping mall
1461,a couple smoking on the steps of a house
1462,a man working on a sewing machine
1463,a stack of books on a red background
1464,two men sitting at a table in a restaurant
1465,a man drawing on a whiteboard
1466,a woman standing on a beach surrounded by seaguls
1467,a white wardrobe with drawers and a white wardrobe door
1468,a group of men having a meal together
1469,a woman painting a clock
1470,a playground in the snow
1471,two men holding a trophy
1472,a drummer playing drums in front of a crowd
1473,a woman smiling while painting
1474,a woman running on a treadmill treadmillin
1475,a pair of shoes
1476,a couple playing a harp and a harp outside a house
1477,a woman hiking on a rocky mountain
1478,a man wearing a red shirt
1479,a man preparing a smooth smoothie in a kitchen
1480,people playing in a pool
1481,a little girl riding a bike in the rain
1482,a man using a chainsawawawawawawawawawawaw
1483,a syometer with a needle and needle needle needle needle needle needle needle needle needle
1484,a pretty girls room
1485,typewriters at the national museum of the american revolution
1486,a piece of cheese being sliced
1487,a panda bear in the snow
1488,a woman doing a yoga pose
1489,a man standing on a road
1490,a couple walking in the snow
1491,"the fire at the home of the late - owner, michael, in the aftermath"
1492,a blue cabin in the snow
1493,a bride and groom at the grand hotel in glasgow
1494,a bee on a flower
1495,a man playing a saxophone in a crowd
1496,a couple doing yoga on the beach
1497,a group of young people playing music
1498,four women sitting on a couch in a living room
1499,a blender on a kitchen counter
1500,different donuts
1501,a plate of spaghetti with tomato sauce
1502,a man playing a trumpet
1503,a police officer holding a camera
1504,a street market in india
1505,people on a mountain
1506,a gothic interior
1507,a woman sewing
1508,a man on a skateboard
1509,a beautiful girl in a circle with a sword
1510,a woman playing chess in a living room
1511,a cat sitting in a trash bin
1512,a woodworking workshop
1513,a woman wearing glasses
1514,a young girl doing a trick on a skateboard
1515,a bull in a rodeo
1516,toasters and toasters
1517,a statue in a building
1518,a woman running on a treadmill treadmillin
1519,a woman drinking coffee and reading a magazine
1520,a variety of colorful beads
1521,a living room with a pink wall and a black and white rug
1522,a workshop
1523,a long hallway with a sign
1524,the ceiling of the new york theater
1525,a person painting
1526,a man wearing a yellow raincoat
1527,a plane with a map in the background
1528,a vintage radio
1529,the city of chicago
1530,a little boy dressed as a knight
1531,a bird
1532,a light bulb
1533,a santa claus carrying a bag of presents
1534,a person picking a snack out of a box
1535,a fighter jet taking off from the flight deck of the aircraft carrier carrier carrier carrier
1536,colorful hearts
1537,a man grilling meat on a barbecue
1538,a male athlete jumping over a hurdle hurdle
1539,a rose watch surrounded by roses
1540,"a sign for the lion inn in the town of kes, scotland"
1541,two kittens playing with a ball of yarn
1542,a restaurant
1543,a violinist
1544,a plane flying in the sky
1545,a house with a flag on the front
1546,a man in a canoe on a lake at sunset
1547,a woman wearing a watch
1548,a small house in the woods
1549,a pilot and a woman
1550,a light bulb
1551,a dog on a leash
1552,a silver airplane on a runway
1553,a snow globe with a snowman inside
1554,a mother and daughter in front of a pink flower garden
1555,a group of goats in a field
1556,a man wearing a white suit and red bow tie
1557,a man standing next to a fire hydrant
1558,the sign for the new harry's tavern in the city of york
1559,a colorful puzzle background
1560,coloring pages with colored pencils
1561,a woman in a muddy field
1562,a bird and a nest
1563,red pencils
1564,two swans in a lake
1565,a helicopter flying over a large airport
1566,a wedding party
1567,a man holding a gun and a bag of gold
1568,a basket of folded towels
1569,a woman taking a bath
1570,two pigs
1571,a woman getting her hair done by a professional hair st
1572,a little girl wearing a cowboy hat
1573,a woman walking through a rubble - covered street in the city of aleppo
1574,a vintage tractor in front of a barn
1575,a cowboy riding a horse
1576,a film camera
1577,a landscape of a rural scene
1578,colored pencils in a yellow box
1579,a bride in a bubble bath
1580,a woman's eye with pearls and gold
1581,a lot of cars
1582,a woman eating a salad
1583,a person cutting a piece of meat
1584,a man selling oranges in a market
1585,the destruction of the baghdad baghdadi district in iraq
1586,dice on a green background
1587,kids building a snowman
1588,a young boy dressed as a knight and a dragon
1589,a person paddling a canoe on a lake
1590,a bird perched on a lamp
1591,a classic car
1592,a man holding a sign in front of a house
1593,a bison in the snow
1594,a red tractor pling a field
1595,a woman riding a horse in front of a house
1596,a woman riding a horse
1597,a sailboat
1598,a mechanic working on a car
1599,a man shooting a bull
1600,a woman in a bath
1601,a man leading a white cow
1602,a farm in the midwest
1603,a man standing on top of a red convertible car
1604,a person cutting a piece of meat
1605,a knight and a little boy
1606,a woman sitting on a deck holding a glass of wine
1607,a group of people eating in a cafeteria
1608,a red fire hydrant on a city street
1609,ice creams in a bowl
1610,a little girl in a neighborhood
1611,a man in a suit and tie putting a puzzle piece
1612,a car lot at a strad dealers
1613,a red tractor with an american flag
1614,a woman cooking in a kitchen
1615,two people in a canoe
1616,a woman preparing a salad
1617,a puzzle made by a student at the university of chicago
1618,a red camera
1619,the outdoor dining area at the new person restaurant in the university of houston
1620,a young man holding a box of cereal
1621,a bison at the zoo
1622,a group of friends around a campfire
1623,a cupcake with a cherry on top
1624,a woman getting her hair done
1625,a restaurant
1626,a pile of firewood in front of a house
1627,a man working in an office
1628,the original poster for the film'the ten commandments '
1629,a cherry ice cream
1630,"a gondover in venice, italy"
1631,a camera and some old photos
1632,a woman in a kimono - kimonoi kimonoi
1633,a beautiful woman holding a bouquet of white lilies
1634,"person, a character in the avengers universe marvel marvel marvel, marvel dc, marvel"
1635,a cute pink marsh
1636,a couple posing next to a vintage car
1637,a family in autumn
1638,a stage with spotlights and a stage curtain
1639,a woman wearing a black and white dress with a large statement earrings
1640,a female athlete on a track
1641,two women standing in front of a pile of logs
1642,a woman cutting meat
1643,a woman with a grey scarf covering her face
1644,a pink hibis flower
1645,a cowboy with a lasser
1646,a farmer in a field
1647,a girl sitting on a couch with a dinosaur
1648,a man working on a laptop
1649,a bird in a nest
1650,a female pilot in a plane
1651,a red house and a tree
1652,a pile of firewood
1653,a watch
1654,a pair of scissors and a ball of yarn
1655,a tall ship
1656,a gi
1657,colored pencils
1658,a woman in a bathtub
1659,a todd playing with a toy
1660,a rainbow colored pencil
1661,colorful puzzle pieces
1662,a woman's mouth with a tongue
1663,a grandmother and her grandchildren reading a book
1664,a dog eating a hamburger
1665,a frog on a lily pond
1666,a dinosaur with a shovel
1667,a girl eating a hamburger
1668,a man working on a puzzle
1669,a red fire hydrant in a residential area
1670,a cabin in the woods
1671,a woman paddling a red canoe
1672,two bisons in a field
1673,a man holding a baby goat
1674,kids around a campfire
1675,a car being lifted by a crane
1676,a sailing ship
1677,a pile of logs
1678,a man and a cat
1679,two knights fighting
1680,a man in a bathrobe in a living room
1681,a redhead woman wearing a gold necklace and earrings
1682,a knight and his cat
1683,a man with a red hat and a mustache
1684,a tennis player
1685,three girls having a meal together
1686,a bee on a lily
1687,a tall ship in the ocean
1688,the atari arcade arcade arcade arcade arcade arcade arcade arcade arcade arcade arcade arcade arcade arcade
1689,a fighter jet flying in the sky
1690,a young boy holding a toy dinosaur
1691,a tiger
1692,a lizard
1693,a man wearing a watch
1694,a man in a white robe sitting on a stool in a bathroom
1695,bald eagles eating a fish
1696,a woman in a white dress standing in a pond
1697,two people watching a tv show in a living room
1698,a violinist
1699,a girl eating a hamburger
1700,a boy with glasses
1701,"a salad with a pome, avoca, and a hard boiled egg"
1702,a variety of game controllers
1703,a red fire hydrant on a city street
1704,a basketball player
1705,an older woman and a young child playing in the sandbox
1706,a woman eating a hamburger
1707,a golden retrieve dog
1708,a large animal in a snowy field
1709,a little girl in a white dress in front of a wooden cabin in the woods
1710,a bird cage
1711,water ripple patterns
1712,a woman in a white top and black leather pants
1713,a wedding cake with fresh berries and fresh cher
1714,a person holding a handful of bees
1715,a banner hanging on a street light in front of a building
1716,a witch on the beach
1717,a crab
1718,three women sitting around a fire
1719,a young female athlete jumping high in a high jump
1720,"a cute puppy puppy pictures, cute pup, cute pup, cute animals, cute"
1721,a red dragon
1722,a house in the woods
1723,the watch
1724,a man riding a bike in front of a house
1725,a woman working in a field
1726,a woman eating a hamburger
1727,a construction site
1728,pearl and diamond rings
1729,many different types of watches
1730,a bison in a field
1731,a house
1732,a mother and daughter
1733,a person's hand on a phone
1734,a glass swan
1735,a cottage in the isle of skye
1736,a factory
1737,a person cutting a piece of fabric
1738,a swan swimming in a pond
1739,a crab
1740,a group of cowboys in a field
1741,a penguin in a winter scene
1742,a poster for the mata mari
1743,a green igual in a circle surrounded by leaves
1744,a thatched cottage in the lake district of cumbria
1745,a group of women in a pink salon
1746,a goat with a flower in its mouth
1747,a woman preparing a salad
1748,the new facility at the national space center in arizona
1749,a woman in a bath
1750,a young girl eating cereal
1751,a frog on a lily
1752,a pile of rubble
1753,a woman taking a bath
1754,a dinosaur
1755,children building a snowman
1756,a person wearing boots in a puddle
1757,a cute cat with a ball of yarn
1758,a cowboy holding a gun
1759,a person carrying a bag of gifts
1760,a young boy playing with a toy helicopter
1761,two people in a canoe on a river
1762,a witch riding a broom on a broom
1763,a man climbing a tree
1764,a female gymnast
1765,a young girl and an older woman
1766,a woman wearing a mask and holding a broom
1767,a boy eating cereal
1768,a woman getting her hair done
1769,marshbuds in a jar
1770,a woman in a bathtub
1771,a woman brushing her teeth
1772,a little boy playing with a puzzle
1773,elephants in a village
1774,a black swan in a lake at sunset
1775,a dinosaur statue
1776,a young boy playing with a rope
1777,a woman feeding a goat in a village in nepal
1778,a bison in the desert
1779,two people in a canoe
1780,a bride and groom at their wedding
1781,an elderly woman and her granddaughter sitting on the front porch of their home
1782,a cupcake with pink frosting and a candle
1783,a model wearing a blue top and gold earrings
1784,a red flag hanging on a building
1785,a red bird in a nest
1786,a young boy building a snowman
1787,a tree with colorful balloons
1788,a rabbit wearing a suit and bow tie
1789,a couple eating popcorn
1790,light bulbs
1791,a house
1792,a bowl of cherry ice cream with cherries
1793,the cafeteria at the university of texas at austin
1794,two swans in a lake
1795,wonder wonder wonder wonder wonder wonder wonder wonder wonder wonder wonder wonder wonder wonder wonder wonder
1796,bowie's hair salon in downtown
1797,a pizza and salad at a restaurant
1798,a couple standing in front of a pile of logs
1799,beyonce performing at the grammy awards
1800,two elephants in a water hole
1801,shoes in a puddle
1802,white lilies
1803,a swan swimming in a lake
1804,the brisbane river and the city of brisbane
1805,a group of people serving food
1806,a light bulb
1807,a family around a fire pit
1808,a castle
1809,two boys playing on a swing
1810,a woman in a garden with a bucket and a rake
1811,a woman holding a light bulb
1812,ginger cookies with christmas decorations
1813,two che che che che che che che che che che che che che che che
1814,a crab wearing a crown
1815,a man feeding pigs in a barn
1816,a boy with a bow and arrow
1817,a man on a sail
1818,a herd of zebras running in the wild
1819,a pug dog with a red banda
1820,a tree house in the woods
1821,zebras
1822,a father and his son riding a bike in front of their home
1823,coins
1824,a woman sitting on a window sing a bouquet
1825,a monster in a village
1826,a man riding a motorcycle
1827,freshly baked breads
1828,a wooden box on a marble table
1829,a key to a key
1830,a purse and money
1831,"a purse, wallet, and other items"
1832,a boy riding a bike with animals around him
1833,a laboratory
1834,a woman in a bikini with a parrot on her head
1835,a pug dog
1836,a person riding a motorcycle on a mountain road
1837,a young boy looking at a sculpture
1838,a beautiful bride wearing a tia
1839,two cats wearing crowns
1840,a woman standing on a floating pool
1841,a family playing the piano
1842,a marble console table in a living room
1843,a bull head on a chocolate background
1844,a fireball in the sky
1845,lemons and ices
1846,a woman riding a horse in a field of wildflowers
1847,a man riding a motorcycle
1848,a village
1849,"the crowd at the annual parade in the town of pomport, ontario"
1850,a space shuttle in space
1851,a woman playing a guitar in a field of flowers
1852,a woman feeding a parrot
1853,a girl riding a zebra
1854,pink marbles
1855,a group of people working in a conference room
1856,a pug in a car
1857,the crowd at the annual event
1858,a construction site
1859,the parade at the annual celebration
1860,a family in their home
1861,a boxer in a boxing ring
1862,a girl in a field of flowers
1863,people taking pictures of the sunset
1864,a man in a blue suit holding a glass of whisky
1865,a man looking into the fridge door of a refrigerator
1866,a man riding a motorcycle
1867,a little girl drinking a glass of lemon juice
1868,a woman riding a horse in a field of flowers
1869,a cruise ship in the caribbean islands
1870,a dog in a field
1871,the fireworks at the new year's eve in the grounds of the royal park
1872,a cartoon character riding a tricycle bike in a neighborhood
1873,a woman sitting in a chair with a pug
1874,a man holding a bottle of whiskey
1875,a lighthouse at night
1876,a man drinking a drink at a bar
1877,a little boy riding a tricycle
1878,an astronaut and a space shuttle
1879,people watching fireworks
1880,a beautiful woman wearing a tia
1881,a green gemstone ring
1882,a dog on a leash outside a house
1883,a house in the spring
1884,escala escaladoro escaladoro escaladoro escala
1885,a young man using a laptop computer
1886,a bride wearing a bridal tia
1887,a woman sitting on the beach with green smoke
1888,fireworks in the sky over a city
1889,fireworks over a crowd of people
1890,astronaut person in the international space station
1891,a woman holding a tomato in a garden
1892,a pug among flowers
1893,a seminar
1894,a man holding a glass of whiskey
1895,a man in the kitchen with tomatoes
1896,women in front of a shack
1897,a fishing boat
1898,an escalation in a building
1899,a family dressed as superheros
1900,a man in a wheelchair in a parade
1901,escala escaladoro escaladoro escaladoro escala
1902,a man holding a fish
1903,a cactus and a jar of sus
1904,a space travel poster for the space race
1905,a group of zebras running in the wild
1906,a woman on a skateboard
1907,a bouquet of flowers in a blue pitcher on a window sie
1908,a green parrot perched on a branch
1909,a little girl looking at a sculpture
1910,a christmas wreath on a barn door
1911,a rope hanging on a wooden wall
1912,the veterans parade in new york
1913,a cactus sticker
1914,a gargor on the side of a building
1915,a pair of pliers
1916,a christmas wreath
1917,a pizza being cooked in a pizza oven
1918,"a watercolor painting of a shack in the town of bola, texas"
1919,a group of people enjoying on a yacht
1920,a man surrounded by money
1921,tomatoes growing in a greenhouse
1922,"the interior of a space shuttle shuttle, designed by person, person, person,"
1923,dough doughs on a baking sheet
1924,a group of people sitting at a table on a porch
1925,a young boy riding a red bike
1926,a beautiful spring day in a country home
1927,the team at the sand sculpture
1928,a pink piggy bank with a pile of money
1929,a group of people cheering for the us flag
1930,a birthday party with balloons and confe
1931,a bride and groom at their wedding in the garden
1932,a father and son riding a bicycle
1933,a man looking at a sculpture
1934,a woman with flowers in her hair
1935,the sun setting behind the monument
1936,a family eating together at a table
1937,a variety of accessories and accessories
1938,a woman in a field of wildflowers
1939,a couple on a sailboat
1940,a woman holding a pug
1941,a couple holding a bottle of whiskey
1942,a person presenting a presentation
1943,a woman decor a christmas wreath
1944,a colorful parrot
1945,a farmhouse house in the country style
1946,a window with a wreath of flowers
1947,a girl riding a bike on a mountain trail
1948,astronaut person
1949,a female boxer wearing a red boxing outfit and a white boxing glove
1950,two hands holding glasses of whiskey
1951,a golden dragon on a building
1952,"a brown leather bag, a red apple, a pen, a pen and a"
1953,an old house in the country
1954,tools
1955,a woman washing a car
1956,a blender with various ingredients
1957,colorful gems
1958,a woman in a red dress and red shoes standing in front of a television set
1959,a skateboarder doing a trick
1960,a bull wearing a red banda
1961,a pile of screws
1962,a pirate with a parrot
1963,a person using a drill tool
1964,many different types of screws
1965,a woman making a pie
1966,a lion and a group of zebras
1967,a couple walking down a street in the city
1968,a little girl in a field of flowers
1969,a blue and yellow kitchen kettle and a yellow kettle
1970,a dragon flying over a city
1971,an escala in a train station
1972,two young girls riding a tricycle
1973,a statue of a female holding a ball
1974,a skateboarder doing a trick
1975,a garden with a shovel and a garden bed
1976,a beautiful woman holding a blue and yellow parrot
1977,a ship
1978,a lab
1979,ghostbuster sticker
1980,a gothic girl sitting on a rooftop in paris
1981,the escala shopping centre in the city of london
1982,a lab room with a computer and a monitor
1983,yellow and blue kitchen appliances
1984,a group of men playing cards in a pub
1985,a vintage style illustration of a pile of junk items
1986,a bottle of hove
1987,a parade in the parade
1988,money
1989,a man with a camera on a beach
1990,a man sitting in the back of a truck
1991,a long horned bull
1992,a whale sculpture in the university of chicago
1993,a kitchen with a large island
1994,a woman sitting in a living room with a television and a plant
1995,a glass of whiskey
1996,gargor gargor gargor gargor gargor ga
1997,a church with a clock tower
1998,a father and daughter riding a sc sc sc sc sc sc sc sc sc sc
1999,a stack of metal bars
